{
  "a_results": [],
  "total_analyzed": 86,
  "total_errors": 2,
  "total_usage": {
    "input_tokens": 1096254,
    "output_tokens": 574367,
    "total_tokens": 1670621,
    "input_cost_usd": 3.288762000000005,
    "output_cost_usd": 8.615505000000004,
    "total_cost_usd": 11.904266999999994,
    "api_calls": 258
  },
  "provider": "claude",
  "list_name": null,
  "timestamp": "2026-03-25T22:40:34.950075+09:00"
}